{"cameraMode":{"drawMode":0,"name":"Shaded","section":"Shading Mode"},"sceneLighting":true,"audioPlay":false,"sceneViewState":{"showFog":true,"showMaterialUpdate":false,"showSkybox":true,"showFlares":true,"showImageEffects":true,"showParticleSystems":true},"in2DMode":false,"pivot":{"x":356.3076171875,"y":2.69779634475708,"z":635.5296630859375},"rotation":{"x":-0.009861805476248265,"y":0.9891259670257568,"z":0.07880161702632904,"w":0.12378640472888947},"size":7.979465484619141,"orthographic":false}